StartDate,EndDate,Status,IPAddress,Progress,Duration (in seconds),Finished,RecordedDate,ResponseId,RecipientLastName,RecipientFirstName,RecipientEmail,ExternalReference,LocationLatitude,LocationLongitude,DistributionChannel,UserLanguage,Q1,Q2,Q2_4_TEXT,Q3,Q3_2_TEXT,Q4,Q4_2_TEXT,Q5,Q5_7_TEXT,Q6,Q6_1_TEXT,Q6_2_TEXT,Q7,Q7_1_TEXT,Q7_2_TEXT,Q8,Q8_26_TEXT,Q9,Q10,Q11,Q11_1_TEXT,Q12,Q13
Start Date,End Date,Response Type,IP Address,Progress,Duration (in seconds),Finished,Recorded Date,Response ID,Recipient Last Name,Recipient First Name,Recipient Email,External Data Reference,Location Latitude,Location Longitude,Distribution Channel,User Language,Which student media outlet did you work for this semester? (Check all that apply),How long have you worked at your media outlet? - Selected Choice,How long have you worked at your media outlet? - Other (please specify) - Text,Do you feel that your media outlet is a safe space? - Selected Choice,Do you feel that your media outlet is a safe space? - No (please elaborate if you are comfortable doing so) - Text,Are you planning to return next semester? - Selected Choice,Are you planning to return next semester? - No (please explain) - Text,What factors will influence your decision to stay at the media outlet you are currently working for? (Check all that apply) - Selected Choice,What factors will influence your decision to stay at the media outlet you are currently working for? (Check all that apply) - Other (please specify)  - Text,Do you believe the leadership at your outlet is providing the necessary support for you and the outlet to succeed? - Selected Choice,Do you believe the leadership at your outlet is providing the necessary support for you and the outlet to succeed? - Yes (please explain) - Text,Do you believe the leadership at your outlet is providing the necessary support for you and the outlet to succeed? - No (please explain) - Text,Do you believe the communication method and structure of your outlet are efficient and effective? - Selected Choice,Do you believe the communication method and structure of your outlet are efficient and effective? - Yes (please explain) - Text,Do you believe the communication method and structure of your outlet are efficient and effective? - No (please explain) - Text,What specific skills did you learn from this experience that has personally improved your educational experience? (select all that apply) - Selected Choice,What specific skills did you learn from this experience that has personally improved your educational experience? (select all that apply) - Other (please specify)  - Text,"Please indicate at least one way – be specific - in which your media outlet can work to improve your learning experience (examples: trainings, mentorship, alumni speakers/networking)?",How do you believe your media outlet can improve its coverage?,Do you have any ideas for collaboration in regards to resources and outreach among the other Mizzou Student Media outlets? - Selected Choice,Do you have any ideas for collaboration in regards to resources and outreach among the other Mizzou Student Media outlets? - Yes (please explain) - Text,How would you suggest that we boost Mizzou Student Media’s visibility and impact on campus?,Would you be interested in attending a Mizzou Student Media end of the school year celebration?
"{""ImportId"":""startDate"",""timeZone"":""America/Denver""}","{""ImportId"":""endDate"",""timeZone"":""America/Denver""}","{""ImportId"":""status""}","{""ImportId"":""ipAddress""}","{""ImportId"":""progress""}","{""ImportId"":""duration""}","{""ImportId"":""finished""}","{""ImportId"":""recordedDate"",""timeZone"":""America/Denver""}","{""ImportId"":""_recordId""}","{""ImportId"":""recipientLastName""}","{""ImportId"":""recipientFirstName""}","{""ImportId"":""recipientEmail""}","{""ImportId"":""externalDataReference""}","{""ImportId"":""locationLatitude""}","{""ImportId"":""locationLongitude""}","{""ImportId"":""distributionChannel""}","{""ImportId"":""userLanguage""}","{""ImportId"":""QID1""}","{""ImportId"":""QID2""}","{""ImportId"":""QID2_4_TEXT""}","{""ImportId"":""QID3""}","{""ImportId"":""QID3_2_TEXT""}","{""ImportId"":""QID4""}","{""ImportId"":""QID4_2_TEXT""}","{""ImportId"":""QID5""}","{""ImportId"":""QID5_7_TEXT""}","{""ImportId"":""QID6""}","{""ImportId"":""QID6_1_TEXT""}","{""ImportId"":""QID6_2_TEXT""}","{""ImportId"":""QID7""}","{""ImportId"":""QID7_1_TEXT""}","{""ImportId"":""QID7_2_TEXT""}","{""ImportId"":""QID8""}","{""ImportId"":""QID8_26_TEXT""}","{""ImportId"":""QID9_TEXT""}","{""ImportId"":""QID10_TEXT""}","{""ImportId"":""QID11""}","{""ImportId"":""QID11_1_TEXT""}","{""ImportId"":""QID12_TEXT""}","{""ImportId"":""QID13""}"
2021-11-22 10:19:26,2021-11-22 10:20:36,Survey Preview,,100,70,True,2021-11-22 10:20:37,R_Rfsqt9eEmsjzZGV,,,,,38.93609619140625,-92.30560302734375,preview,EN,,,,,,,,,,,,,,,,,,,,,,,
2021-11-30 17:56:10,2021-11-30 18:03:23,IP Address,107.77.209.8,100,432,True,2021-11-30 18:03:23,R_2TC1R6vZYvHD2gT,,,,,41.87640380859375,-87.6132965087890625,anonymous,EN,MUTV,Other (please specify),Three Years,Yes,,Yes,,"Building a community,Skill Development,Opportunities to gain leadership experience,Resume Builder ",,Yes (please explain),When I have an issue or idea I am supported,,Yes (please explain),There's sufficient group chats to communicate with everyone while not having too many chats flooding my notifications,,"Accountability ,Adobe Creative Suite ,Audio Recording and Editing ,Collaboration ,Communication ,How to pitch a story,Inclusive Reporting,Leadership ,Preparation and planning ,Reporting/News gathering ,Resume Building ,Self-Assessment ,Social Media Etiquette ,Time Management ,Video Production",,"We should be connecting with more MU departments, like the theatre department, showing we cover MU events; this'll also get us exposure on their platforms, expanding our base","We need better planning when it comes to pitching stories, as it sometimes feels like people show up to meetings without having done any work throughout the week",No,,Cover more events with large popularions of students accross different departments,Yes
2021-12-01 09:02:42,2021-12-01 09:03:13,IP Address,173.30.197.160,100,30,True,2021-12-01 09:03:13,R_1loAkCcVIur8J5B,,,,,38.93359375,-92.36299896240234375,anonymous,EN,,,,,,,,,,,,,,,,,,,,,,,
2021-12-01 12:03:20,2021-12-01 12:05:52,IP Address,161.130.151.15,100,151,True,2021-12-01 12:05:52,R_3EA7BbRar16WL01,,,,,38.93609619140625,-92.30560302734375,anonymous,EN,Maneater,One semester,,Yes,,Yes,,"Building a community,Skill Development,Resume Builder ",,Yes (please explain),,,Yes (please explain),,,"Accountability ,Collaboration ,Communication ,Preparation and planning ,Professionalism ,Time Management ",,Trainings and workshops would be super beneficial!,,No,,,Yes
2021-12-01 12:07:03,2021-12-01 12:08:55,IP Address,161.130.189.200,100,111,True,2021-12-01 12:08:55,R_3rJsmbnwxpsFYaG,,,,,38.93609619140625,-92.30560302734375,anonymous,EN,Maneater,One year,,Yes,,Yes,,"Building a community,Resume Builder ",,Yes (please explain),,,Yes (please explain),,,"AP Style ,Collaboration ,Communication ,How to pitch a story,Leadership ,Networking ,Preparation and planning ,Professionalism ,Reporting/News gathering ,Resume Building ,Time Management ",,,,No,,Social MEDIA,Yes
2021-12-01 12:11:27,2021-12-01 12:14:28,IP Address,161.130.189.246,100,180,True,2021-12-01 12:14:28,R_3DwDu4mIBSrFfCx,,,,,38.93609619140625,-92.30560302734375,anonymous,EN,Maneater,One semester,,Yes,,Yes,,"Building a community,Skill Development,Opportunities to explore various journalism platforms ,Resume Builder ",,Yes (please explain),They were always flexible and kind when it came to feedback and deadlines,,Yes (please explain),,,"AP Style ,Breaking News ,Communication ,How to conduct an interview ,How to pitch a story,Inclusive Reporting,Networking ,Preparation and planning ,Professionalism ,Reporting/News gathering ,Resume Building ,Self-Assessment ,Time Management ",,"More bonding events to learn from the other student journalists ","Quicker response time ",No,,Maybe reach out to prospective journalism students? Befriend teachers to have them impulse student media,Yes
2021-12-01 12:14:55,2021-12-01 12:18:50,IP Address,104.28.104.29,100,234,True,2021-12-01 12:18:50,R_23rtp97GPgKLp3H,,,,,41.8874053955078125,-87.63179779052734375,anonymous,EN,Maneater,One semester,,Yes,,Yes,,"Skill Development,Opportunities to explore various journalism platforms ,Resume Builder ",,Yes (please explain),,,Yes (please explain),,,"Adobe Creative Suite ,Communication ",,Trainings,Better self-promotion = more involvement / awareness,No,,Active outreach & advertising—perhaps a new department just for marketing / public relations,Yes
2021-12-01 12:15:20,2021-12-01 12:19:59,IP Address,104.166.204.204,100,279,True,2021-12-01 12:20:00,R_1f1ojJi5ivpkxxW,,,,,38.93359375,-92.36299896240234375,anonymous,EN,Maneater,Two years,,Yes,,Yes,,"Building a community,Skill Development,Opportunities to explore various journalism platforms ,Opportunities to gain leadership experience,Resume Builder ",,Yes (please explain),Everyone is doing their best during stressful times.,,Yes (please explain),I like the staff slack method of communication. I think communication is fairly good all around.,,"Accountability ,AP Style ,Breaking News ,Collaboration ,Communication ,Editing ,How to conduct an interview ,How to pitch a story,Inclusive Reporting,Leadership ,Networking ,Preparation and planning ,Professionalism ,Receptive to Feedback ,Reporting/News gathering ,Resume Building ,Self-Assessment ,Social Media Etiquette ,Time Management ",,"I would love to hear from alumni or other speakers in the journalism world. ","It all comes down to money. I would love to expand our print edition and website, but that requires funding obviously. ",No,,"I love Distribution Days at The Maneater and I think that we reached a lot of students who hadn't heard of us before. Expanding distribution to the other MSM outlets would be cool. ",Yes
2021-12-01 14:37:28,2021-12-01 14:38:31,IP Address,45.59.3.117,100,62,True,2021-12-01 14:38:31,R_1flnMXuv3wk2HFc,,,,,38.93609619140625,-92.30560302734375,anonymous,EN,KCOU,Two years,,Yes,,Yes,,"Resume Builder ",,Yes (please explain),,,Yes (please explain),,,"Audio Recording and Editing ,Collaboration ,Communication ,Editing ,FCC Policy,Leadership ,Live Radio production ,Networking ,Resume Building ,Self-Assessment ",,,,No,,,Yes
2021-12-01 14:36:52,2021-12-01 14:39:13,IP Address,107.115.203.46,100,141,True,2021-12-01 14:39:13,R_p6LRe57USbzAKPL,,,,,41.902496337890625,-87.67259979248046875,anonymous,EN,KCOU,One semester,,Yes,,Yes,,"Building a community,Skill Development,Opportunities to explore various journalism platforms ,Opportunities to gain leadership experience,Resume Builder ,DJ experience ",,Yes (please explain),,,Yes (please explain),,,"Accountability ,Communication ,FCC Policy,Leadership ,Live Radio production ,Professionalism ,Resume Building ,Time Management ",,"More social opportunities to get people connected within MSM. ","I think so. ",No,,"Hosting large events, working with large organizations on events, tabling, etc. ",Yes
2021-12-01 14:38:16,2021-12-01 14:40:16,IP Address,107.77.208.152,100,119,True,2021-12-01 14:40:16,R_1DRUcpMpPCfx4Uu,,,,,41.87640380859375,-87.6132965087890625,anonymous,EN,KCOU,One semester,,Yes,,Yes,,"Building a community,Skill Development,Opportunities to explore various journalism platforms ,Opportunities to gain leadership experience",,Yes (please explain),The sports department does a great job helping me as a freshman get acclimated to student media.,,Yes (please explain),,,"Accountability ,Audio Recording and Editing ,Breaking News ,Editing ,Inclusive Reporting,Leadership ,Live Radio production ,Networking ,Preparation and planning ,Professionalism ,Receptive to Feedback ,Reporting/News gathering ,Social Media Etiquette ,Time Management ,Video Production,Video Recording and Editing ",,Alumni speakers would be a great touch,,No,,,Yes
2021-12-01 14:37:08,2021-12-01 14:40:33,IP Address,52.124.38.129,100,205,True,2021-12-01 14:40:33,R_2ffxLq5Q1yC2mkH,,,,,38.93609619140625,-92.30560302734375,anonymous,EN,KCOU,Other (please specify),this is my third year,Yes,,Yes,,"Building a community,Skill Development,Opportunities to explore various journalism platforms ,Opportunities to gain leadership experience,Resume Builder ,DJ experience ",,Yes (please explain),"everyone is welcoming and available for help and resources when we need it ",,Yes (please explain),we primarily use groupme and meetings to communicate and it is helpful,,"Accountability ,Audio Recording and Editing ,Communication ,How to conduct an interview ,FCC Policy,Preparation and planning ,Resume Building ,Time Management ",,"more networking and learning about radio opportunities in the real world ",increase its news staff,No,,"do more on social media and make the organizations known on campus ",Yes
2021-12-01 14:37:56,2021-12-01 14:40:49,IP Address,172.58.136.175,100,173,True,2021-12-01 14:40:50,R_puXNbsufOYfTvy1,,,,,39.102996826171875,-94.47010040283203125,anonymous,EN,KCOU,One year,,Yes,,Yes,,"Building a community,Skill Development,Opportunities to gain leadership experience,Resume Builder ,DJ experience ",,Yes (please explain),They are effective leaders,,Yes (please explain),Yes the GroupMe allows important information to be seen by everyone,,"Accountability ,Audio Recording and Editing ,Collaboration ,Communication ,Editing ,FCC Policy,Inclusive Reporting,Leadership ,Live Radio production ,Networking ,Professionalism ,Receptive to Feedback ,Resume Building ,Self-Assessment ,Time Management ",,More all staff meetings,Work to coordinate between our different staffs,No,,,Yes
2021-12-01 14:38:51,2021-12-01 14:41:00,IP Address,173.24.38.206,100,129,True,2021-12-01 14:41:00,R_3plmR6Lk5IE74Sj,,,,,38.93359375,-92.36299896240234375,anonymous,EN,KCOU,Two years,,Yes,,Yes,,"Building a community,Skill Development,Resume Builder ",,Yes (please explain),,,Yes (please explain),,,"Accountability ,Communication ,FCC Policy,Live Radio production ,Preparation and planning ,Professionalism ,Receptive to Feedback ,Reporting/News gathering ,Self-Assessment ,Time Management ",,,,No,,,Yes
2021-12-01 14:36:45,2021-12-01 14:41:27,IP Address,45.59.3.117,100,281,True,2021-12-01 14:41:28,R_1o5ssLi7m86ii2L,,,,,38.93609619140625,-92.30560302734375,anonymous,EN,KCOU,Two years,,Yes,,Yes,,"Opportunities to explore various journalism platforms ,Resume Builder ",,Yes (please explain),Very easy to communicate with the leadership,,Yes (please explain),"Yes. As long as you have groupme unmuted, you’ll get all of the updates.",,"Accountability ,FCC Policy,Inclusive Reporting,Leadership ,Preparation and planning ,Social Media Etiquette ",,,Not really. We cover most MIZZOU sporting events already.,No,,Just be more visual around campus.,Yes
2021-12-01 14:39:03,2021-12-01 14:41:28,IP Address,161.130.189.237,100,145,True,2021-12-01 14:41:29,R_1meodeiWdc2h8sV,,,,,38.93609619140625,-92.30560302734375,anonymous,EN,KCOU,One semester,,Yes,,Yes,,"Building a community,Skill Development,Opportunities to explore various journalism platforms ,Opportunities to gain leadership experience,Resume Builder ,DJ experience ",,Yes (please explain),Everyone is very helpful and happy to teach,,No (please explain),,"Groupme is fine, but like information gets lost so easily since everyone texts in it a lot","Audio Recording and Editing ,Collaboration ,Communication ,Live Radio production ,Preparation and planning ,Professionalism ,Receptive to Feedback ,Resume Building ,Self-Assessment ,Time Management ",,Alumni speakers would be cool,I think continuing to make sure to be inclusive,No,,"Tabling helps, but ads are also good, especially at stuff like mizzou sports games",Yes
2021-12-01 14:36:58,2021-12-01 14:41:38,IP Address,4.7.52.38,100,280,True,2021-12-01 14:41:38,R_1Ooxvds680nic0D,,,,,38.93609619140625,-92.30560302734375,anonymous,EN,KCOU,One year,,Yes,,Yes,,"Building a community,Skill Development,Opportunities to explore various journalism platforms ,Opportunities to gain leadership experience,Resume Builder ",,Yes (please explain),Leadership is very attentive and easily approachable,,Yes (please explain),Huge fan of the all-staff groupme,,"Audio Recording and Editing ,Collaboration ,Communication ,FCC Policy,Live Radio production ,Networking ,Preparation and planning ,Professionalism ,Resume Building ",,Offering more training sessions on things like producing would be invaluable to newcomers,A larger social media presence to boost listenership would be great,Yes (please explain),Networking and working together on multi-platform stories woods be a good way to signal boost products from both groups,"More social media outreach, for starters",Yes
2021-12-01 14:37:53,2021-12-01 14:41:58,IP Address,174.198.65.186,100,244,True,2021-12-01 14:41:58,R_2ByReYVScvxyQIr,,,,,41.237701416015625,-95.9998016357421875,anonymous,EN,KCOU,Two years,,Yes,,Yes,,"Building a community,Opportunities to explore various journalism platforms ,Opportunities to gain leadership experience,DJ experience ",,Yes (please explain),I feel that the leaders are doing everything they can to see their employees succeed,,Yes (please explain),There is multiple outlets and channels the station has utilized for the station to be as successful as it is,,"Breaking News ,Collaboration ,Communication ,Editing ,Networking ,Preparation and planning ,Time Management ",,"Every broadcast involves some sort of planning and kcou has made me think 3 steps ahead before every broadcast ","Getting out to the people more and campaigning more for people to check out content, even if it isn’t just live shows.",No,,Yes,Yes
2021-12-01 14:37:26,2021-12-01 14:42:25,IP Address,166.205.124.40,100,298,True,2021-12-01 14:42:25,R_DPtwTZanA5i6sBX,,,,,41.9456939697265625,-87.7393035888671875,anonymous,EN,KCOU,Two years,,Yes,,Yes,,"Building a community,Skill Development,Resume Builder ,DJ experience ",,Yes (please explain),Well I consider KCOU to be mostly succeeding,,No (please explain),,The different ways to find recent informationis not much organized,"FCC Policy,Live Radio production ",,,,No,,,No
2021-12-01 14:37:25,2021-12-01 14:43:11,IP Address,161.130.189.199,100,345,True,2021-12-01 14:43:11,R_C2dmHxIwxBqgTjX,,,,,38.93609619140625,-92.30560302734375,anonymous,EN,"KCOU,MUTV",One year,,Yes,,Yes,,"Building a community,Skill Development,Opportunities to gain leadership experience,Resume Builder ",,Yes (please explain),"I feel if I have any issues I can go to my higher-ups and work out solutions with them. ",,Yes (please explain),I understand clearly the fields of communication I can use to communicate with my staff and my higher-ups,,"Accountability ,Adobe Creative Suite ,Audio Recording and Editing ,Collaboration ,Communication ,Editing ,How to conduct an interview ,FCC Policy,How to pitch a story,Inclusive Reporting,Leadership ,Live Radio production ,Networking ,Preparation and planning ,Receptive to Feedback ,Reporting/News gathering ,Resume Building ,Social Media Etiquette ,Time Management ,Video Production,Video Recording and Editing ",,I think that having workshops and more alumni speakers and networking would improve my learning experience,"For both MUTV and KCOU, I think updates to our equipment would help out immensely",No,,"Have us be on the TVs in places, playing in places.",Yes
2021-12-01 14:38:20,2021-12-01 14:43:12,IP Address,172.58.60.1,100,292,True,2021-12-01 14:43:12,R_O7Dznyfp1HL75Ch,,,,,39.738800048828125,-104.9868011474609375,anonymous,EN,KCOU,One semester,,Yes,,Yes,,"Building a community,Opportunities to explore various journalism platforms ,Opportunities to gain leadership experience,DJ experience ",,Yes (please explain),"yesssss they’re helpful ",,Yes (please explain),yea it’s straightforward and helpful,,"Audio Recording and Editing ,Live Radio production ,Professionalism ",,do what y’all already doin,"promote thangs ",No,,,Yes
2021-12-01 14:40:30,2021-12-01 14:43:22,IP Address,161.130.189.232,100,172,True,2021-12-01 14:43:22,R_2uVX7ox3UBYrlQE,,,,,38.93609619140625,-92.30560302734375,anonymous,EN,KCOU,Two years,,Yes,,Yes,,"Building a community,Skill Development,Opportunities to gain leadership experience,Resume Builder ,DJ experience ",,Yes (please explain),They keep us informed of opportunities,,Yes (please explain),,,"Accountability ,Audio Recording and Editing ,Communication ,Editing ,FCC Policy,Leadership ,Live Radio production ,Preparation and planning ,Professionalism ,Reporting/News gathering ,Resume Building ,Social Media Etiquette ,Time Management ",,Better trainings on how things work in KCOU studio A,N/A,No,,Get the other outlets as recognizable as the maneater,Yes
2021-12-01 14:38:54,2021-12-01 14:43:43,IP Address,173.31.207.57,100,288,True,2021-12-01 14:43:43,R_YaemFtYMLqaCaul,,,,,38.93609619140625,-92.30560302734375,anonymous,EN,KCOU,Two years,,Yes,,Yes,,"Building a community,Skill Development,Opportunities to explore various journalism platforms ,Opportunities to gain leadership experience,Resume Builder ,DJ experience ",,Yes (please explain),They provide many opportunities,,Yes (please explain),"GroupMe and meetings provide everyone with updates ",,"FCC Policy,Live Radio production ",,It has made me a better communicator with others which can help with networking,Include a wider range of voices!,No,,More collaborations with other organizations,Yes
2021-12-01 14:40:26,2021-12-01 14:44:36,IP Address,172.58.136.93,100,250,True,2021-12-01 14:44:36,R_3gxihEDTHf7kPuN,,,,,39.102996826171875,-94.47010040283203125,anonymous,EN,"KCOU,Maneater",One semester,,Yes,,Yes,,"Building a community,Skill Development,Opportunities to explore various journalism platforms ,Opportunities to gain leadership experience,Resume Builder ",,Yes (please explain),"Any editor I text with a problem or question is quick to help ",,Yes (please explain),,,"Accountability ,Audio Recording and Editing ,Breaking News ,Collaboration ,Communication ,Editing ,How to conduct an interview ,How to pitch a story,Inclusive Reporting,Live Radio production ,Professionalism ,Receptive to Feedback ,Reporting/News gathering ,Resume Building ,Self-Assessment ",,"I would like alumni networking opportunities ","For KCOU I feel like the news department could use more space and support for cover breaking news or news that doesn't fit the standard format  ",Yes (please explain),"Add a convergence department similar to what is happening in the leadership center ","Have more official outlets on campus broadcast the work we do ",Yes
2021-12-01 14:37:09,2021-12-01 14:44:43,IP Address,64.85.209.164,100,453,True,2021-12-01 14:44:43,R_3COED3kEkGMYheq,,,,,38.93609619140625,-92.30560302734375,anonymous,EN,KCOU,Two years,,Yes,,Yes,,"Building a community,Opportunities to explore various journalism platforms ,DJ experience ",,Yes (please explain),,,Yes (please explain),,,"Accountability ,Collaboration ,FCC Policy,Live Radio production ,Preparation and planning ,Time Management ",,"Training specific to each program. For KCOU, training on how to conduct a show in the studio (in addition to shadowing). Also hearing from someone working as a DJ in the professional world would be helpful.",,No,,On social media and we could possibly have a sign on basement doors labeling what’s down there so people know we exist!,Yes
2021-12-01 14:40:49,2021-12-01 14:44:47,IP Address,23.84.160.217,100,238,True,2021-12-01 14:44:47,R_3s60zIC99ZkJXAD,,,,,38.9933013916015625,-92.30780029296875,anonymous,EN,KCOU,Other (please specify),"this would be going on my 3rd year ",Yes,,Yes,,"Building a community,Skill Development,Opportunities to explore various journalism platforms ,Opportunities to gain leadership experience,Resume Builder ,DJ experience ",,Yes (please explain),"Everyone that helps lead KCOU are incredible, kind, and smart people who get things done. ",,Yes (please explain),"I am always aware of upcoming events and important happenings in KCOU thanks to my leaders. ",,"Communication ,FCC Policy",,"More required training sessions on how to have a show. ","By putting more fliers up and hosting more events outside of campus. ",No,,"Hosting or being active in bigger events on campus ",Yes
2021-12-01 14:46:44,2021-12-01 14:50:56,IP Address,107.77.206.116,100,252,True,2021-12-01 14:50:57,R_1Zi9FxZUAPDY0tX,,,,,41.87640380859375,-87.6132965087890625,anonymous,EN,Maneater,One semester,,Yes,,Yes,,"Skill Development,Opportunities to gain leadership experience",,Yes (please explain),"Yes, there is leadership and help all around and it's such a welcoming environment ",,Yes (please explain),"It can be at times but slack isn't always good because not everyone replies and uses it ",,"Communication ,Editing ,How to pitch a story,Leadership ,Preparation and planning ,Professionalism ,Reporting/News gathering ",,"Trainings for new people who becoming editors. I feel like there wasn't much guidance ","N/A, I think we already do a good job at covering a lot",No,,"Spread the news more on social media, flyers if possible",Yes
2021-12-01 14:55:59,2021-12-01 14:57:34,IP Address,173.29.132.110,100,95,True,2021-12-01 14:57:35,R_DCq6pwMZEgbhVRf,,,,,38.93359375,-92.36299896240234375,anonymous,EN,KCOU,One year,,Yes,,Yes,,"Building a community,Skill Development,Opportunities to explore various journalism platforms ,Opportunities to gain leadership experience,Resume Builder ,DJ experience ",,Yes (please explain),Everyone is very helpful,,Yes (please explain),I’m always kept in the loop,,"Accountability ,Adobe Creative Suite ,AP Style ,Audio Recording and Editing ,Breaking News ,Collaboration ,Communication ,Editing ,How to conduct an interview ,FCC Policy,How to pitch a story,Inclusive Reporting,Leadership ,Live Radio production ,Networking ,Preparation and planning ,Professionalism ,Receptive to Feedback ,Reporting/News gathering ,Resume Building ,Self-Assessment ,Social Media Etiquette ,Time Management ,Video Production,Video Recording and Editing ",,I would keep it the same,I would keep it the same,No,,Promote it more at the stadiums,Yes
2021-12-01 14:57:43,2021-12-01 15:00:56,IP Address,108.169.208.65,100,193,True,2021-12-01 15:00:56,R_XyK62G3B4QpMVXP,,,,,38.93609619140625,-92.30560302734375,anonymous,EN,KCOU,Two years,,Yes,,Yes,,"Skill Development,Opportunities to explore various journalism platforms ,Resume Builder ",,Yes (please explain),"Yes the leadership communicates effectively ",,Yes (please explain),"Communication is effective and helps. ",,"Accountability ,Collaboration ,Communication ,Live Radio production ,Networking ,Preparation and planning ,Professionalism ,Reporting/News gathering ,Resume Building ,Self-Assessment ,Social Media Etiquette ,Time Management ",,"More networking opportunities with Mizzou alumni in journalism ","Increase social media posts and feature Mizzou alumni reporters ",Yes (please explain),More events to market the clubs,Increase opportunities for work,Yes
2021-12-01 15:02:55,2021-12-01 15:05:51,IP Address,173.18.71.189,100,175,True,2021-12-01 15:05:51,R_PUm5r3K7b9WqcGB,,,,,38.9933013916015625,-92.30780029296875,anonymous,EN,KCOU,One year,,Yes,,Yes,,"Building a community,Skill Development,Opportunities to explore various journalism platforms ,Opportunities to gain leadership experience,Resume Builder ,DJ experience ",,Yes (please explain),they’re always very clear about what they expect from us and are always there to help us out,,Yes (please explain),"email, groupme, and meetings are all useful",,"Audio Recording and Editing ,Communication ,FCC Policy,Leadership ,Live Radio production ,Preparation and planning ,Professionalism ,Reporting/News gathering ,Social Media Etiquette ",,provide us a better space to have meetings,"increase social media presence and website ",No,,work on the website,Yes
2021-12-01 15:03:24,2021-12-01 15:06:19,IP Address,108.169.208.65,100,174,True,2021-12-01 15:06:19,R_3EXYuEhEPvQT0VP,,,,,38.93609619140625,-92.30560302734375,anonymous,EN,KCOU,Two years,,Yes,,Yes,,"Resume Builder ",,,,,Yes (please explain)," ",,"Accountability ,AP Style ,Audio Recording and Editing ,Breaking News ,Collaboration ,Communication ,Editing ,How to conduct an interview ,FCC Policy,How to pitch a story,Live Radio production ,Networking ,Preparation and planning ,Professionalism ,Receptive to Feedback ,Reporting/News gathering ,Resume Building ,Time Management ,Video Production,Video Recording and Editing ",,"Maybe let everyone broadcast instead of top priority ","Maybe range out farther ",Yes (please explain),"Yes cover Mizzou hockey because it is a sport ","Maybe we can make a announcement at speaker.l circle ",Yes
2021-12-01 14:59:31,2021-12-01 15:07:39,IP Address,107.77.206.129,100,488,True,2021-12-01 15:07:40,R_26b7sjHNlY4fhdf,,,,,41.87640380859375,-87.6132965087890625,anonymous,EN,KCOU,One semester,,Yes,,Yes,,"Building a community,Skill Development,Resume Builder ,DJ experience ",,Yes (please explain),Not a lot of other places to get radio experience and everyone is super friendly and helpful and fairly responsive,,Yes (please explain),Yup! If you have any question you can reach out and get several responses and reminders are sent out multiple times for bigger events or deadlines,,"Accountability ,Communication ,FCC Policy,Inclusive Reporting,Live Radio production ,Professionalism ,Resume Building ",,It would be nice to be able to have more opportunity for shadowing,Tableing more and posting sticks over campus,No,,"Maybe in dining halls play the KCOU radio ",Yes
2021-12-01 15:13:19,2021-12-01 15:16:35,IP Address,107.77.161.10,100,196,True,2021-12-01 15:16:36,R_2VyCicpSWzrGNGG,,,,,37.751007080078125,-97.82199859619140625,anonymous,EN,KCOU,One semester,,Yes,,Yes,,"Building a community,Skill Development,Opportunities to explore various journalism platforms ,Opportunities to gain leadership experience,Resume Builder ",,Yes (please explain),,,Yes (please explain),,,"Audio Recording and Editing ,Collaboration ,Communication ,FCC Policy,Inclusive Reporting,Live Radio production ,Preparation and planning ,Reporting/News gathering ,Self-Assessment ,Social Media Etiquette ",,Early producer training for those who are interested in doing their own shows,,No,,I don’t feel that KCOU and MUTV are as visible as the Maneater,Yes
2021-12-01 15:11:01,2021-12-01 15:18:18,IP Address,153.33.12.22,100,436,True,2021-12-01 15:18:18,R_1lzdzmizvvEONzB,,,,,38.93609619140625,-92.30560302734375,anonymous,EN,MUTV,Two years,,Yes,,Yes,,"Resume Builder ",,Yes (please explain),"They are very communicative and transparent. ",,Yes (please explain),"I am updated on what I need to be. ",,"Accountability ,Adobe Creative Suite ,Audio Recording and Editing ,Collaboration ,Communication ,Editing ,How to conduct an interview ,Preparation and planning ,Professionalism ,Receptive to Feedback ,Reporting/News gathering ,Social Media Etiquette ,Time Management ,Video Production,Video Recording and Editing ",,Bring about the tv channel and movie service,Shows on TVs in campus buildings,No,,"Campus wide events ",No
2021-12-01 15:15:47,2021-12-01 15:22:03,IP Address,173.31.207.57,100,376,True,2021-12-01 15:22:03,R_1NEaIiL3FvrMYO2,,,,,38.93609619140625,-92.30560302734375,anonymous,EN,KCOU,One semester,,Yes,,Yes,,"Building a community,DJ experience ",,Yes (please explain),They're cool,,Yes (please explain),Yes,,"Communication ,FCC Policy,Live Radio production ",,,,No,,More money,Yes
2021-12-01 15:30:24,2021-12-01 15:31:24,IP Address,161.130.189.199,100,60,True,2021-12-01 15:31:25,R_2CZZr7LKjzrQhfH,,,,,38.93609619140625,-92.30560302734375,anonymous,EN,KCOU,Other (please specify),Three and half,Yes,,Yes,,"Building a community,Skill Development,Opportunities to gain leadership experience,Resume Builder ",,Yes (please explain),,,Yes (please explain),,,"Accountability ,Editing ,FCC Policy,Networking ,Professionalism ,Reporting/News gathering ,Resume Building ,Time Management ,Video Production,Video Recording and Editing ",,,,,,,Yes
2021-12-01 16:01:50,2021-12-01 16:05:21,IP Address,172.58.63.72,100,210,True,2021-12-01 16:05:21,R_3Gm4CJikisv5J0m,,,,,39.738800048828125,-104.9868011474609375,anonymous,EN,Maneater,One semester,,Yes,,Yes,,"Skill Development,Opportunities to explore various journalism platforms ,Resume Builder ",,Yes (please explain),"Every time I reach out and ask for help Lily is great about finding a time to meet and explain everything to me. ",,Yes (please explain),I like slack. Feels like an easy and collaborative space to get info from,,"Accountability ,Professionalism ,Receptive to Feedback ",,"Holding camera trainings and maybe some mock assignments would be nice for newcomers. ","Maybe devise a way to get ideas from outside the staff. For example putting a pill on Instagram or something. ",No,,Finding more ways to allow the audience to interact. Interactive insta stories or something similar,Yes
2021-12-01 16:06:38,2021-12-01 16:09:26,IP Address,4.7.52.38,100,167,True,2021-12-01 16:09:26,R_PIfE27ZruGQMBP3,,,,,38.93609619140625,-92.30560302734375,anonymous,EN,"KCOU,MUTV",One year,,Yes,,Yes,,"Building a community,Skill Development,Opportunities to explore various journalism platforms ,Opportunities to gain leadership experience,Resume Builder ",,Yes (please explain),,,Yes (please explain),,,"Communication ,Leadership ,Live Radio production ,Networking ,Preparation and planning ,Professionalism ,Resume Building ",,"MUTV needs a bigger studio. KCOU is almost perfect, get rid of hours.",MUTV needs to be taken more seriously by MU Athletics but I don't know if we can change that. KCOU needs more money for a comrex,No,,,Yes
2021-12-01 16:17:44,2021-12-01 16:24:21,IP Address,161.130.189.241,100,397,True,2021-12-01 16:24:22,R_3fJ1bFJNfRaOJwj,,,,,38.93609619140625,-92.30560302734375,anonymous,EN,KCOU,One year,,Yes,,Yes,,"Building a community,Skill Development,Opportunities to explore various journalism platforms ,Opportunities to gain leadership experience,Resume Builder ",,Yes (please explain),"The ability to call games every week for Mizzou enhance our skill sets for future job opportunities. Also, the leaders have guest speakers come talk to us who already work in the field which is very helpful as well.",,Yes (please explain),We have meetings every Wednesday either in person or zoom and we have an established group chat. Everyone is always in the loop,,"Accountability ,AP Style ,Audio Recording and Editing ,Communication ,Editing ,How to conduct an interview ,FCC Policy,Inclusive Reporting,Leadership ,Live Radio production ,Professionalism ,Reporting/News gathering ,Resume Building ,Self-Assessment ,Social Media Etiquette ,Time Management ",,More opportunities to broadcast off of campus,"I think we already do an efficient job of covering the respective teams with the tools at our disposal ",No,,"Making a website that contains all 3 outlets, making videos of each outlet doing their thing and posting them to social with the university retweeting thus generating traffic and other people starting to recognize us more ",Yes
2021-12-01 16:51:05,2021-12-01 16:54:15,IP Address,107.77.209.186,100,190,True,2021-12-01 16:54:16,R_eJ0FQFY7Tf4I1ln,,,,,41.87640380859375,-87.6132965087890625,anonymous,EN,KCOU,One year,,Yes,,Yes,,"Skill Development,Opportunities to explore various journalism platforms ,Opportunities to gain leadership experience,Resume Builder ",,Yes (please explain),Good opportunities to expand my knowledge of radio,,Yes (please explain),"Good communication between producers, could be improved if we didn’t use groupme",,"Accountability ,AP Style ,Audio Recording and Editing ,Collaboration ,FCC Policy,Live Radio production ,Networking ,Preparation and planning ,Professionalism ,Receptive to Feedback ,Reporting/News gathering ,Time Management ",,"Training new show members ",Improve turnover of posting online,No,,"More advertising and social media promotion, takeover of an official MU page?",Yes
2021-12-01 17:01:35,2021-12-01 17:03:04,IP Address,172.58.137.76,100,88,True,2021-12-01 17:03:04,R_1mJjW9HmBZ5G6oP,,,,,38.577392578125,-90.6708984375,anonymous,EN,KCOU,One semester,,Yes,,Yes,,"Building a community,Skill Development,Opportunities to explore various journalism platforms ,Opportunities to gain leadership experience,Resume Builder ,DJ experience ",,Yes (please explain),yea,,Yes (please explain),yea,,"Audio Recording and Editing ,Collaboration ,Communication ,Editing ,Live Radio production ,Networking ,Preparation and planning ,Reporting/News gathering ,Resume Building ,Time Management ",,more open sessions instead of just weekly meetings,ban indie rock,No,,play kcou music in the dining halls instead of whatever booty ass garbage they usually play,Yes
2021-12-01 17:13:21,2021-12-01 17:14:55,IP Address,153.33.12.28,100,93,True,2021-12-01 17:14:55,R_11gp8oknbmwgndF,,,,,38.93609619140625,-92.30560302734375,anonymous,EN,KCOU,One year,,Yes,,Yes,,"Building a community,Skill Development,Opportunities to gain leadership experience",,Yes (please explain),,,No (please explain),,All student need to have access to doors when campus is closed.,"Accountability ,Collaboration ,Communication ,Leadership ,Live Radio production ,Preparation and planning ,Reporting/News gathering ,Time Management ,Video Production",,,,No,,"Social Media pages ",Yes
2021-12-01 17:08:19,2021-12-01 17:16:33,IP Address,65.116.105.13,100,493,True,2021-12-01 17:16:33,R_2QSuPxtGdh774nI,,,,,38.93609619140625,-92.30560302734375,anonymous,EN,KCOU,One semester,,Yes,,Yes,,"Building a community,Skill Development,Opportunities to explore various journalism platforms ,Opportunities to gain leadership experience,Resume Builder ,DJ experience ",,Yes (please explain),"Very supportive bunch, everyone is very nice and very supporting and point you towards the right direction!",,Yes (please explain),"Yes, I really dont know exactly what this is asking, but we all have clear ways of reaching out to each other and everything is clearly broadcasted to the whole group.",,"Accountability ,Audio Recording and Editing ,Collaboration ,Communication ,FCC Policy,Inclusive Reporting,Leadership ,Live Radio production ,Resume Building ,Social Media Etiquette ,Time Management ",,I was always interested in radio/broadcast/audio engineering so this club really covers a lot of that ground.,"Currently i dont have much in mind, still new and need to get a feel for how everything really runs before I can say.",No,,Find better ways to advertise the existence of these outlets and spread awareness of their existence amongst the students body. Maybe hosting events? We could also do more mizzou based shout outs more often to put us more into a spotlight.,Yes
2021-12-01 17:13:29,2021-12-01 17:19:38,IP Address,173.230.76.24,100,369,True,2021-12-01 17:19:39,R_2TH5UKnpldWCHKO,,,,,38.93609619140625,-92.30560302734375,anonymous,EN,KCOU,One semester,,Yes,,Yes,,"Building a community,Skill Development,Resume Builder ,DJ experience ,Other (please specify) ",friends and fun!!,Yes (please explain),our management is very helpful and involved and i feel like they are all friends with the whole staff; im very comfortable with them and think they do fantastic work,,Yes (please explain),our groupme is active; again management is helpful; meetings are helpful too and i feel like i'm always in the loop,,"Accountability ,Audio Recording and Editing ,FCC Policy,Leadership ,Live Radio production ,Preparation and planning ,Professionalism ,Receptive to Feedback ,Resume Building ,Social Media Etiquette ,Time Management ",,i think the training period for DJs could be longer and more guided/intensive,Sports has a lot of KCOU's day radio slots (a sports member is in charge of programming) and i think both music and news should get access to day slots and safe harbor slots. Safe harbor is really helpful for music shows to play possibly not clean music,No,,the stations should just be posted more in Mizzou's main media like the website and emails and the student center postings,Yes
2021-12-01 17:21:03,2021-12-01 17:22:25,IP Address,173.18.71.189,100,81,True,2021-12-01 17:22:25,R_Uoq1zwDsHX4P5Xb,,,,,38.9933013916015625,-92.30780029296875,anonymous,EN,KCOU,One year,,Yes,,Yes,,"Building a community,Skill Development,Opportunities to explore various journalism platforms ,Resume Builder ,DJ experience ",,Yes (please explain),,,Yes (please explain),,,"Collaboration ,Communication ,Editing ,FCC Policy,Live Radio production ,Networking ,Preparation and planning ,Professionalism ,Resume Building ,Social Media Etiquette ,Time Management ",,More trainings,More interviews of artists,No,,More social media,Yes
2021-12-01 17:19:54,2021-12-01 17:22:59,IP Address,104.166.207.189,100,185,True,2021-12-01 17:22:59,R_yOYxea012Lqlalr,,,,,38.93359375,-92.36299896240234375,anonymous,EN,KCOU,Other (please specify),since 2018,Yes,,Yes,,"Building a community,Skill Development,Opportunities to explore various journalism platforms ,Opportunities to gain leadership experience,Resume Builder ,DJ experience ",,Yes (please explain),I’m the GM i have to answer yes,,Yes (please explain),same thing,,"Accountability ,Audio Recording and Editing ,Collaboration ,Communication ,How to conduct an interview ,FCC Policy,Leadership ,Live Radio production ,Networking ,Preparation and planning ,Professionalism ,Receptive to Feedback ,Resume Building ,Time Management ",,All of these things frankly,more music,Yes (please explain),manual play dates and community bonding,"sticker bomb and put up posters everywhere ",Yes
2021-12-01 17:24:18,2021-12-01 17:30:34,IP Address,96.44.19.214,100,375,True,2021-12-01 17:30:34,R_3CCJgj0nTAQvrqc,,,,,38.93609619140625,-92.30560302734375,anonymous,EN,KCOU,One year,,Yes,,Yes,,"Building a community,Skill Development,Opportunities to explore various journalism platforms ,Resume Builder ,DJ experience ",,Yes (please explain),"There are several opportunities to cover sporting events, hosting shows, and writing columns that my station is able to grant me.",,Yes (please explain),I believe that the station is set up well and gives me opportunities in media whether it be radio or print.,,"Accountability ,Breaking News ,Collaboration ,Communication ,How to conduct an interview ,FCC Policy,How to pitch a story,Leadership ,Live Radio production ,Networking ,Preparation and planning ,Professionalism ,Receptive to Feedback ,Reporting/News gathering ,Resume Building ,Self-Assessment ,Social Media Etiquette ,Time Management ",,We could have more speakers come in which is something our station has started doing more of this semester.,Continuing to get more people involved and growing as a station.,No,,We can expand to different platforms or hold more events on campus and have a bigger presence on campus.,Yes
2021-12-01 17:27:34,2021-12-01 17:31:08,IP Address,173.230.76.28,100,214,True,2021-12-01 17:31:08,R_3CNKMvRtwzb5gyj,,,,,38.93609619140625,-92.30560302734375,anonymous,EN,KCOU,Other (please specify),three years,Yes,,Yes,,"Building a community,Opportunities to gain leadership experience,DJ experience ",,Yes (please explain),"leadership is very involved, very on top of things",,Yes (please explain),"lots of communication via groupme, effective and convenient ",,"Accountability ,Collaboration ,Communication ,FCC Policy,Live Radio production ,Professionalism ,Resume Building ,Self-Assessment ,Social Media Etiquette ,Time Management ",,alumni speakers/networking,i think the coverage is good,No,,have events hosted by msm,Yes
2021-12-01 17:37:56,2021-12-01 17:39:49,IP Address,65.123.143.229,100,113,True,2021-12-01 17:39:50,R_pK8gK3yU9XUrbnH,,,,,38.93609619140625,-92.30560302734375,anonymous,EN,KCOU,Other (please specify),Two and a half years,Yes,,Yes,,"Building a community,Skill Development,Opportunities to explore various journalism platforms ,Opportunities to gain leadership experience,Resume Builder ",,Yes (please explain),"They put me in a position to succeed in sporting events and other things ",,Yes (please explain),Group me is a great way to connect,,"Audio Recording and Editing ,Communication ,FCC Policy,Inclusive Reporting,Leadership ,Live Radio production ,Networking ,Reporting/News gathering ,Resume Building ,Time Management ",,,,,,,
2021-12-01 18:10:49,2021-12-01 18:15:23,IP Address,173.26.205.89,100,273,True,2021-12-01 18:15:23,R_1LqeCu22AYndBfC,,,,,38.93359375,-92.36299896240234375,anonymous,EN,KCOU,One year,,Yes,,Yes,,"Building a community,Opportunities to explore various journalism platforms ,DJ experience ",,Yes (please explain),,,Yes (please explain),The exec is always filling us through groupme and at weekly meetings.,,"Audio Recording and Editing ,Collaboration ,Communication ,How to conduct an interview ,FCC Policy,Live Radio production ,Preparation and planning ,Professionalism ,Receptive to Feedback ,Resume Building ,Social Media Etiquette ,Time Management ",,,,No,,,Yes
2021-12-01 18:43:03,2021-12-01 18:44:19,IP Address,174.209.225.237,100,76,True,2021-12-01 18:44:19,R_3k7IoWkRRMt1oLm,,,,,37.751007080078125,-97.82199859619140625,anonymous,EN,KCOU,Two years,,Yes,,No (please explain),I am graduating,"Skill Development,Opportunities to gain leadership experience,Resume Builder ",,Yes (please explain),,,Yes (please explain),,,"Communication ,Live Radio production ,Professionalism ,Resume Building ,Self-Assessment ,Time Management ",,"Networking ",,No,,,No
2021-12-01 12:37:47,2021-12-01 18:45:35,IP Address,173.30.197.160,100,22067,True,2021-12-01 18:45:35,R_DemLd3w1ydLfMk1,,,,,38.93359375,-92.36299896240234375,anonymous,EN,Maneater,One year,,Yes,,Yes,,"Opportunities to explore various journalism platforms ,Opportunities to gain leadership experience,Resume Builder ",,No (please explain),,"The executive editors at the Maneater don’t seem to be focused on the big picture of the outlet. To their credit, I know they work hard and spend a lot of time editing stories but it takes up so much time that they don’t have any left over for preventative policies or growth policies. I think they need to focus on bigger picture issues at the Maneater. I don’t think the content we produce services our target audience or is what they want to read. I think engagement is down with our social media accounts because of our content. If this cycle continues, our readers won’t engage and won’t trust us. I don’t feel as though I can bring these concerns to them because when I do bring concerns to them, nothing changes. ",No (please explain),,"Yes and no. I like Slack, it works as a communication method as long as everyone else agrees that it works as a communication method. Airtable is a good organization method, it just needs a few changes to some of the technical parts (new columns, more contributors, etc) to make it work really well. However, I don’t think the Social Media runsheet works very well on Airtable.","Adobe Creative Suite ,AP Style ,Audio Recording and Editing ,Breaking News ,Collaboration ,Communication ,Editing ,How to conduct an interview ,How to pitch a story,Leadership ,Time Management ,Video Production,Video Recording and Editing ",,"The Maneater needs more workshops! Workshop week worked really well, but we should continue them as we learn more about journalism. Guest speakers would also be cool for more learning opportunities. ","Executive editors can fix our coverage by hammering into editors and writers/visuals people who our target audience is, and why we write for them. This is smaller but I also think the Maneater needs a cohesive brand identity.",Yes (please explain),"MSM visuals teams should make sharing equipment easier or facilitate a way for reporters at one outlet to use equipment at other outlets. ",,Yes
2021-12-01 20:37:25,2021-12-01 20:38:59,IP Address,161.130.189.240,100,94,True,2021-12-01 20:39:00,R_31Y03P59tcm7dZU,,,,,38.93609619140625,-92.30560302734375,anonymous,EN,KCOU,Other (please specify),This is my fourth year,Yes,,Yes,,"Skill Development,Opportunities to explore various journalism platforms ,Resume Builder ",,Yes (please explain),"Driving the business economically ",,Yes (please explain),,,"Accountability ,Adobe Creative Suite ,Audio Recording and Editing ,Collaboration ,Communication ,FCC Policy,Live Radio production ,Preparation and planning ,Professionalism ,Reporting/News gathering ,Resume Building ,Time Management ",,Practice. It gets me doing what I love,Expand to more events,No,,"Host more events. Partner with businesses ",Yes
2021-12-01 21:07:13,2021-12-01 21:12:06,IP Address,216.106.53.90,100,292,True,2021-12-01 21:12:06,R_Xo0DEGJhlUTjlv3,,,,,38.7917022705078125,-92.254302978515625,anonymous,EN,KCOU,Other (please specify),Three years,Yes,,Yes,,"Building a community,Skill Development,Resume Builder ",,Yes (please explain),They’re all very passionate about what they do,,Yes (please explain),Groupme,,"Accountability ,Collaboration ,Communication ,How to conduct an interview ,Live Radio production ,Networking ,Preparation and planning ,Social Media Etiquette ,Time Management ",,Alumni speakers!,If more monetary support is garnered,No,,N/A,Yes
2021-12-02 07:10:04,2021-12-02 07:12:03,IP Address,67.6.220.199,100,119,True,2021-12-02 07:12:03,R_pxFjPhzxRHXgJpv,,,,,37.0142059326171875,-93.19860076904296875,anonymous,EN,KCOU,Other (please specify),Three years,Yes,,Yes,,"Building a community,DJ experience ",,Yes (please explain),,,Yes (please explain),,,"Accountability ,Collaboration ,Communication ,FCC Policy,Inclusive Reporting,Leadership ,Live Radio production ,Preparation and planning ,Professionalism ,Social Media Etiquette ,Time Management ",,Work to increase diversity outreach to more student groups on campus,,Yes (please explain),Events! Social and official,,Yes
2021-12-02 09:15:27,2021-12-02 09:35:25,IP Address,173.230.76.24,100,1198,True,2021-12-02 09:35:26,R_28S8zKyIowBiJlx,,,,,38.93609619140625,-92.30560302734375,anonymous,EN,Maneater,One year,,Yes,,No (please explain),I will be studying abroad,"Building a community,Skill Development,Opportunities to explore various journalism platforms ,Opportunities to gain leadership experience,Resume Builder ",,Yes (please explain),"By having safety, inclusivity & diversity meetings I think the Maneater has done an incredible job at creating a space where students are comfortable to be themselves. ",,Yes (please explain),"Using slack and airtable has been a lot easier and efficient than how it was previously set up, makes my job a lot more enjoyable!",,"Accountability ,AP Style ,Collaboration ,Communication ,Editing ,How to conduct an interview ,Networking ,Preparation and planning ,Professionalism ,Receptive to Feedback ,Resume Building ,Self-Assessment ,Time Management ",,"Alumni speakers would’ve been so cool to experience during my time at the Maneater. Whether a journalism vet or a maneater alum, getting to hear from someone in the industry & how working for this paper helped them would be awesome.","I’m more on the editing side, so from what I see & interact with coverage is great. I think the social media team is doing such a great job, it looks really professional and it’s engaging.",Yes (please explain),"Inviting other journalist clubs on campus to trainings (NABJ, NAHJ)","On distribution day, I think it’d be fun if we decorated someone’s car (like how we did for the homecoming parade) and drive around campus passing out papers & blasting music",Yes
2021-12-02 12:03:41,2021-12-02 12:07:26,IP Address,107.77.234.235,100,225,True,2021-12-02 12:07:26,R_3p8Vi1LXnlv2bbj,,,,,33.748504638671875,-84.3871002197265625,anonymous,EN,KCOU,One semester,,Yes,,Yes,,"Building a community,Skill Development,Opportunities to explore various journalism platforms ,Opportunities to gain leadership experience,Resume Builder ",,Yes (please explain),"Very good environment ",,Yes (please explain),"Group chat has helpful information ",,"Communication ,FCC Policy,Inclusive Reporting,Live Radio production ,Resume Building ,Self-Assessment ,Time Management ",,"Group producer trainings so there aren’t a shortage of producers ","More promotion of the station and when events are happening ",No,,"Set up booths on speaker circle and student center whenever possible ",Yes
2021-12-02 14:33:40,2021-12-02 14:40:52,IP Address,161.130.189.252,100,431,True,2021-12-02 14:40:52,R_3pakGGcJjWs1g0u,,,,,38.93609619140625,-92.30560302734375,anonymous,EN,Maneater,One semester,,Yes,,Yes,,"Building a community,Skill Development,Resume Builder ",,Yes (please explain),"Our editors do a great job of creating a stress free environment. They are great at efficiently guiding their journalists through the photo process. ",,Yes (please explain),"Our editors send an appropriate amount of helpful messages through Slack. ",,"Preparation and planning ,Professionalism ,Social Media Etiquette ,Other (please specify) ",How to use photos specifically.,,,No,,,Yes
2021-12-02 14:32:24,2021-12-02 14:43:39,IP Address,161.130.189.194,100,675,True,2021-12-02 14:43:40,R_2zOczgoecIqv1h6,,,,,38.93609619140625,-92.30560302734375,anonymous,EN,Maneater,One semester,,Yes,,Yes,,"Building a community,Skill Development,Opportunities to gain leadership experience,Resume Builder ",,Yes (please explain),They always check in on us and ask if we need anything.,,Yes (please explain),"There is good communication between staff members, and the content produced is shared on various platforms that expand the reach of the outlet.",,"Accountability ,AP Style ,Collaboration ,Communication ,Editing ,How to conduct an interview ,How to pitch a story,Inclusive Reporting,Preparation and planning ,Professionalism ,Receptive to Feedback ,Reporting/News gathering ,Time Management ",,Holding more networking events with guest speakers to build connections in the field,,No,,"If there was a way to have MSM featured more frequently on larger official Mizzou accounts, that would help visibility and engagement",Yes
2021-12-02 19:51:25,2021-12-02 19:54:48,IP Address,216.106.25.12,100,202,True,2021-12-02 19:54:48,R_2dQLLPF1n7uBfIi,,,,,38.93359375,-92.36299896240234375,anonymous,EN,KCOU,Other (please specify),3 years,Yes,,Yes,,"Building a community,Skill Development,DJ experience ",,Yes (please explain),Everyone does a great job of keeping KCOU up and active with the student community.,,Yes (please explain),"Everything is communicated clearly and accessibly. ",,"Accountability ,Adobe Creative Suite ,Audio Recording and Editing ,Collaboration ,Communication ,FCC Policy,Leadership ,Live Radio production ,Networking ,Professionalism ,Receptive to Feedback ,Resume Building ,Self-Assessment ,Social Media Etiquette ,Time Management ",,More trainings could be nice,I think we could do more promoting of the news side of KCOu,No,,More events,Yes
2021-12-02 20:17:02,2021-12-02 20:20:14,IP Address,104.166.202.245,100,192,True,2021-12-02 20:20:15,R_tKj17PNoKUYoHlL,,,,,38.93359375,-92.36299896240234375,anonymous,EN,KCOU,One year,,Yes,,Yes,,"Building a community,Skill Development,Opportunities to explore various journalism platforms ,Opportunities to gain leadership experience,Resume Builder ",,Yes (please explain),Provides freedom to work creatively in fields of interest.,,Yes (please explain),I get all the info I need.,,"Audio Recording and Editing ,Collaboration ,Communication ,FCC Policy,Leadership ,Live Radio production ,Preparation and planning ,Professionalism ,Resume Building ,Time Management ",,More commitees to run various groups,Not sure,No,,Social media,Yes
2021-12-02 21:10:47,2021-12-02 21:17:42,IP Address,161.130.190.27,100,414,True,2021-12-02 21:17:43,R_1i5mObcN14PECFu,,,,,38.93609619140625,-92.30560302734375,anonymous,EN,KCOU,One semester,,Yes,,Yes,,"Building a community,Skill Development,Opportunities to explore various journalism platforms ,Opportunities to gain leadership experience,Resume Builder ,DJ experience ",,Yes (please explain),"All of the administrators are really nice and approachable. They all want you to succeed and are willing to take time to help you out. ",,Yes (please explain),"Groupme and canvas are a good way to communicate. Having in person meetings again is also awesome for communicating and planning. ",,"Accountability ,Audio Recording and Editing ,Communication ,FCC Policy,Live Radio production ,Networking ,Preparation and planning ,Professionalism ,Receptive to Feedback ,Resume Building ,Time Management ",,"I think offering longer shadowing sessions to learn about the broadcast equipment would be helpful. ","Maybe KCOU should add more news slots for stuff going on at MU. ",No,,"We should host more events to get people to join outlets. The events could be like record sales or other relevant events. ",Yes
2021-12-03 11:01:27,2021-12-03 11:09:03,IP Address,161.130.189.208,100,456,True,2021-12-03 11:09:03,R_1hGsoRUIkWTh0E8,,,,,38.93609619140625,-92.30560302734375,anonymous,EN,Maneater,Two years,,Yes,,Yes,,"Building a community,Skill Development,Opportunities to gain leadership experience,Resume Builder ",,Yes (please explain),,,Yes (please explain),,,"AP Style ,Collaboration ,Communication ,Editing ,How to conduct an interview ,How to pitch a story,Leadership ,Preparation and planning ,Professionalism ,Reporting/News gathering ,Resume Building ",,Faster publishing of stories,Publishing stories faster,No,,visible already!,Yes
2021-12-03 11:09:06,2021-12-03 11:14:36,IP Address,161.130.189.219,100,330,True,2021-12-03 11:14:37,R_32RWKFv5eRbi5Rn,,,,,38.93609619140625,-92.30560302734375,anonymous,EN,Maneater,One year,,Yes,,Yes,,Building a community,,Yes (please explain),,,Yes (please explain),"Yes! Slack is very effective ",,"Accountability ,Adobe Creative Suite ,AP Style ,Audio Recording and Editing ,Breaking News ,Collaboration ,Communication ,Editing ,How to conduct an interview ,How to pitch a story,Inclusive Reporting,Leadership ,Preparation and planning ,Professionalism ,Receptive to Feedback ,Resume Building ,Social Media Etiquette ,Time Management ,Video Production,Video Recording and Editing ",,"Want to implement the mentorship program ","Post social media stories faster ",,,Have MSM accounts promote stories from each outlet,No
2021-12-03 11:16:32,2021-12-03 11:20:26,IP Address,161.130.165.46,100,233,True,2021-12-03 11:20:26,R_2wiavyQDLkkTB3S,,,,,38.93609619140625,-92.30560302734375,anonymous,EN,Maneater,One semester,,Yes,,Yes,,"Skill Development,Opportunities to explore various journalism platforms ,Resume Builder ",,Yes (please explain),I think everything is well organized and what we have going works.,,Yes (please explain),For the most part,,"Networking ,Professionalism ,Resume Building ,Self-Assessment ,Time Management ",,"Maybe an editing workshop ","Asking for more passes to events ",No,,N/a,Yes
2021-12-03 11:16:29,2021-12-03 11:20:27,IP Address,161.130.190.17,100,237,True,2021-12-03 11:20:27,R_1GIX1H73zx4cjNl,,,,,38.93609619140625,-92.30560302734375,anonymous,EN,"Maneater,MUTV",Other (please specify),"MUTV: One year, Maneater: One semester",Yes,,Yes,,"Building a community,Skill Development,Opportunities to explore various journalism platforms ,Resume Builder ",,Yes (please explain),,,Yes (please explain),,,"Adobe Creative Suite ,AP Style ,Audio Recording and Editing ,Collaboration ,Communication ,Editing ,Inclusive Reporting,Reporting/News gathering ,Video Production,Video Recording and Editing ",,I believe that more trainings on the Adobe Suite would be helpful in flattening the learning curve.,By listening to others and seeing people and their stories which may be unique as compared to what is normally covered.,No,,Stronger social media presence and promoting all MSM on various platforms.,Yes
2021-12-03 11:16:59,2021-12-03 11:21:03,IP Address,161.130.189.197,100,243,True,2021-12-03 11:21:03,R_21Bv12jY8coT2xH,,,,,38.93609619140625,-92.30560302734375,anonymous,EN,Maneater,One semester,,No (please elaborate if you are comfortable doing so),For certain viewpoints/ideas,Yes,,"Other (please specify) ",Reliability,No (please explain),,Not very reliable.,No (please explain),,No communication is very messy and unreliable.,"AP Style ",,"Publishing articles takes at least one month at this point, and a lot of the articles are not factchecked.",If you could publish articles for events less than a month after the event that would be great.,No,,"Some of the writers say a lot of nasty stuff, and stuff isn't published on a regular basis. Furthermore, quit reporting on politics all of the time. We already see so much of it, we could use some more lighthearted stuff.",No
2021-12-03 11:13:19,2021-12-03 11:25:36,IP Address,107.77.209.196,100,737,True,2021-12-03 11:25:36,R_aVF20OoQPekHGAF,,,,,41.87640380859375,-87.6132965087890625,anonymous,EN,MUTV,One semester,,Yes,,Yes,,"Building a community,Skill Development,Opportunities to explore various journalism platforms ,Opportunities to gain leadership experience,Resume Builder ,DJ experience ",,Yes (please explain),"I think they do a good job trying to include everyone in projects considering the amount of people involved. I would like more opportunities to learn things though and with limited production time that’s hard to do. ",,Yes (please explain),"Communication is good, we get updates frequently. ",,"Audio Recording and Editing ,Collaboration ,Reporting/News gathering ,Video Production,Other (please specify) ",Graphics,"Definitely training and networking would be good. I would like a chance to learn new skills that I could utilize in my future careers. ","COVER WOMENS SPORTS ",No,,"Have videos broadcasted or playing on TVs in memorial and other significant places. ",Yes
2021-12-03 11:00:40,2021-12-03 11:30:06,IP Address,161.130.189.227,100,1765,True,2021-12-03 11:30:06,R_3IWS2Y0T23k3S3f,,,,,38.93609619140625,-92.30560302734375,anonymous,EN,Maneater,One year,,Yes,,Yes,,"Skill Development,Resume Builder ",,Yes (please explain),"leadership at the maneater is very supportive and works with your schedule ",,Yes (please explain),"yes I think my editors are very communicative ",,"Accountability ,AP Style ,Collaboration ,Communication ,Editing ,How to pitch a story,Leadership ,Professionalism ,Receptive to Feedback ,Reporting/News gathering ,Resume Building ,Time Management ",,"I think my media outlet would benefit from including networking possibly with alumni  ","I think overall my media outlet does well with coverage ",No,,"I think we could boost the visibility by including more newstands around campus ",Yes
2021-12-03 11:24:30,2021-12-03 11:41:28,IP Address,216.106.16.104,100,1018,True,2021-12-03 11:41:29,R_xovIGI1BvRw7GP7,,,,,38.93359375,-92.36299896240234375,anonymous,EN,Maneater,Two years,,Yes,,Yes,,"Building a community,Skill Development,Opportunities to gain leadership experience",,Yes (please explain),Leadership is always happy to help and communicate and obviously give a lot for the publication.,,No (please explain),,"The key issues seems to be flexibility with the editing structure. It significantly effects the ability of the publication to stay relevant, as the plan introduced at the start of the year likely needed earlier adjustment so that the editing process does not take as long. Obviously they can't change their obligations about needing to view all content, but the size of the publication probably demands some flexibility, as it's not a system that can take a lot of volume.","Accountability ,AP Style ,Collaboration ,Communication ,Editing ,Leadership ,Professionalism ,Receptive to Feedback ",,"There might not be a ton of active follow up from editor to writer. There are a good amount of people in my section, but I don't know I always understand in the long run why changes are made or if I'm making real progress ",Timeliness,Yes (please explain),"It even can extend to between sections, but in tandem working on stories at the same time and covering different elements/angles can go a long way to make work more engaging/real. A perfect example could be having a photographer actively work with a writer when they show up somewhere, instead of making it more like a dynamic of a writer just asking for a visual, which can break down in a lot of ways.","Social media is probably a huge factor, perhaps MSM outlets could curate more of what gets out, so that interesting content can stand out and not just fill feeds of aimless scrollers/",Yes
2021-12-03 12:03:43,2021-12-03 12:08:09,IP Address,161.130.190.25,100,265,True,2021-12-03 12:08:09,R_1DPaFtASfZeLyyt,,,,,38.93609619140625,-92.30560302734375,anonymous,EN,Maneater,One year,,Yes,,Yes,,"Building a community,Skill Development,Resume Builder ",,Yes (please explain),The editors for my section are very kind and on top of things and make it feel like a collaborative effort.,,Yes (please explain),Slack has been a great help this semester,,"AP Style ,Editing ,Inclusive Reporting,Professionalism ,Reporting/News gathering ,Self-Assessment ,Time Management ",,"Having more training sessions like at the beginning of the semester throughout the semester would be nice, for different topics and whatnot.",Spreading its online presence beyond its current audience,No,,"Hosting events in the newsroom (or elsewhere if big turnouts happen), tabling more, just being around not just to report or distribute",Yes
2021-12-03 12:10:27,2021-12-03 12:35:20,IP Address,161.130.189.246,100,1493,True,2021-12-03 12:35:21,R_DIAqoETr3qOhiHD,,,,,38.93609619140625,-92.30560302734375,anonymous,EN,Maneater,One semester,,Yes,,Yes,,"Building a community,Skill Development,Resume Builder ",,Yes (please explain),"good and timely communication, support when I can't pick up a project",,Yes (please explain),Don't usually have to wait a long time for people to get back to me,,"Accountability ,Audio Recording and Editing ,Collaboration ,Communication ,Editing ,How to conduct an interview ,Inclusive Reporting,Preparation and planning ,Professionalism ,Receptive to Feedback ,Resume Building ",,"I'd love some networking opportunities, especially with other campus outlets",Maybe speed up the turnaround of breaking news stories,No,,posters?,Yes
2021-12-03 12:33:34,2021-12-03 12:46:06,IP Address,161.130.151.76,100,751,True,2021-12-03 12:46:06,R_1OPSsCTGsIEQLOg,,,,,38.93609619140625,-92.30560302734375,anonymous,EN,Maneater,One semester,,Yes,,Yes,,"Building a community,Skill Development,Opportunities to explore various journalism platforms ,Opportunities to gain leadership experience,Resume Builder ",,Yes (please explain),I feel comfortable bringing my own ideas forward and I feel supported throughout the writing and editing process.,,No (please explain),,"Though I think Slack is an effective method for editor-writer communication, I think the current method of getting pieces through is rather sluggish and uncoordinated, especially when multiple sections are working on the same story.","Accountability ,AP Style ,Breaking News ,Collaboration ,Communication ,Editing ,How to conduct an interview ,How to pitch a story,Inclusive Reporting,Networking ,Preparation and planning ,Professionalism ,Receptive to Feedback ,Reporting/News gathering ,Resume Building ,Self-Assessment ,Social Media Etiquette ,Time Management ",,Hearing from Maneater alumni would be very helpful as newer members begin to pursue editor positions and other newsroom internships.,"I think rather than just reducing the number of editing reads for breaking stories, the Maneater should also give priority to those stories during each read they receive in order to maintain timeliness.",No,,MSM could hold a public showcase at the end of each semester to highlight exceptional pieces/display them to the student body.,Yes
2021-12-03 12:54:46,2021-12-03 12:56:00,IP Address,161.130.189.255,100,73,True,2021-12-03 12:56:00,R_3dKESSXkR2ZtJMk,,,,,38.93609619140625,-92.30560302734375,anonymous,EN,Maneater,One semester,,Yes,,Yes,,"Building a community,Skill Development,Opportunities to explore various journalism platforms ,Opportunities to gain leadership experience,Resume Builder ",,Yes (please explain),,,Yes (please explain),,,"AP Style ,Communication ,Editing ,Preparation and planning ,Professionalism ,Receptive to Feedback ,Resume Building ",,,,No,,,Yes
2021-12-03 12:57:23,2021-12-03 12:58:17,IP Address,161.130.189.226,100,53,True,2021-12-03 12:58:17,R_3ly1OtTnd5O2uyO,,,,,38.93609619140625,-92.30560302734375,anonymous,EN,Maneater,One semester,,Yes,,Yes,,"Building a community,Opportunities to explore various journalism platforms ,Opportunities to gain leadership experience,Resume Builder ",,Yes (please explain),,,Yes (please explain),,,"Collaboration ,How to conduct an interview ,How to pitch a story,Inclusive Reporting,Leadership ,Preparation and planning ,Professionalism ,Receptive to Feedback ,Self-Assessment ,Time Management ",,,,,,,Yes
2021-12-03 12:53:27,2021-12-03 12:58:38,IP Address,161.130.189.236,100,310,True,2021-12-03 12:58:38,R_ZCDmIjLmj5l5Vu1,,,,,38.93609619140625,-92.30560302734375,anonymous,EN,Maneater,Two years,,Yes,,No (please explain),"I spent this semester as an editor, but it was too much work for me to handle with my upper-level courses so I need to cut back on extracurriculars.",,,Yes (please explain),Fellow editors are always willing to help and understanding when circumstances arise,,Yes (please explain),Slack works well as a separate source for communicating,,"AP Style ,Collaboration ,Communication ,Editing ,FCC Policy,Inclusive Reporting,Leadership ,Preparation and planning ,Resume Building ,Time Management ",,More social events/bonding activities,Find more events in the Columbia community outside MU,No,,Continue distribution day!,No
2021-12-05 03:14:19,2021-12-05 03:19:40,IP Address,161.130.189.216,100,321,True,2021-12-05 03:19:40,R_vwU0sQ6xUGl3UgV,,,,,38.93609619140625,-92.30560302734375,anonymous,EN,Maneater,One semester,,Yes,,Yes,,"Building a community,Skill Development,Opportunities to explore various journalism platforms ,Opportunities to gain leadership experience,Resume Builder ,DJ experience ",,Yes (please explain),,,Yes (please explain),"Yes; a more timely editing process would be awesome, but the delays haven't ruined my experience by any means.",,"Accountability ,AP Style ,Breaking News ,Collaboration ,Communication ,Editing ,How to conduct an interview ,How to pitch a story,Inclusive Reporting,Leadership ,Networking ,Preparation and planning ,Professionalism ,Receptive to Feedback ,Reporting/News gathering ,Resume Building ,Self-Assessment ,Social Media Etiquette ,Time Management ",,More bonding/closeness among the MOVE Staff would be awesome.,I think our coverage is great right now; our timeliness has more potential for growth.,Yes (please explain),MSM-wide staff bonding events,The social media work that we're setting up for will be amazing!!!,Yes
2021-12-05 11:15:26,2021-12-05 11:20:26,IP Address,161.130.190.17,100,299,True,2021-12-05 11:20:26,R_3Gfu72Q1FcyrSvr,,,,,38.93609619140625,-92.30560302734375,anonymous,EN,Maneater,One semester,,Yes,,Yes,,"Building a community,Skill Development,Resume Builder ",,Yes (please explain),Deadlines are always extremely reasonable and my editor is very flexible and understanding.,,Yes (please explain),Slack is a good platform for communicating when and where meetings are and my editor and the editor in chief are both very good at announcing and relaying information.,,"Collaboration ,How to pitch a story,Preparation and planning ,Professionalism ,Social Media Etiquette ,Time Management ",,I don't really have any suggestions for this.,I don't really have any suggestions for this.,No,,Putting up posters around campus with QR codes to the websites is a good way to boost visibility.,Yes
2021-12-05 11:25:42,2021-12-05 11:26:40,IP Address,107.77.209.80,100,58,True,2021-12-05 11:26:40,R_0e3EItGuh6mgaEV,,,,,41.87640380859375,-87.6132965087890625,anonymous,EN,Maneater,One semester,,Yes,,Yes,,"Building a community,Skill Development,Opportunities to explore various journalism platforms ",,Yes (please explain),,,Yes (please explain),,,"AP Style ,Editing ,Preparation and planning ,Professionalism ",,,,,,,Yes
2021-12-05 15:51:12,2021-12-05 15:55:11,IP Address,208.47.112.10,100,239,True,2021-12-05 15:55:12,R_ZqI4MRn2gVLNbZT,,,,,38.93609619140625,-92.30560302734375,anonymous,EN,Maneater,Other (please specify),a year and a half,Yes,,Yes,,"Building a community,Skill Development,Opportunities to explore various journalism platforms ,Opportunities to gain leadership experience,Resume Builder ",,Yes (please explain),,,Yes (please explain),it’s pretty good but obviously bot perfect. I wish the communication between sections was better sometimes.,,"Accountability ,AP Style ,Breaking News ,Collaboration ,Communication ,Editing ,How to pitch a story,Leadership ,Networking ,Preparation and planning ,Resume Building ,Self-Assessment ,Social Media Etiquette ,Time Management ",,Having speakers that could be used for networking would be really awesome,,No,,appealing posters and things in other majors buildings,Yes
2021-12-05 16:55:30,2021-12-05 17:00:00,IP Address,161.130.189.210,100,269,True,2021-12-05 17:00:00,R_4TQXHxlz0ROBwBz,,,,,38.93609619140625,-92.30560302734375,anonymous,EN,Maneater,One semester,,Yes,,Yes,,"Opportunities to gain leadership experience,Resume Builder ",,Yes (please explain),"I think so; the leaders are always super responsive and solution-oriented, but sometimes I wish our section got a little more support. ",,No (please explain),,"Sometimes I feel like I miss stuff on Slack, but I can’t really think of a better alternative ","Accountability ,Editing ,How to pitch a story",,"I’m not sure the Title IX trainings were particularly effective; I think they were a little basic at times and it really didn’t help that for the DPE training, we had a white male lead us who couldn’t really get the crowd involved. I also think there could be more room for editors to take other stories in other sections so they can practice other skills. ",I think the coverage is great! I love reading the other sections’ work.,No,,More social media posting?,Yes
2021-12-05 17:04:39,2021-12-05 17:10:37,IP Address,161.130.189.205,100,358,True,2021-12-05 17:10:38,R_3QWyhOeCucOPyj1,,,,,38.93609619140625,-92.30560302734375,anonymous,EN,Maneater,Two years,,Yes,,Yes,,"Building a community,Skill Development,Opportunities to gain leadership experience,Resume Builder ",,Yes (please explain),"The Maneater is a safe space and I feel seen and heard. Whenever I have issues, they are resolved quickly and informatively.",,Yes (please explain),"I think that for the most part, Slack is a good way to get into contact with everyone. I sometimes wish others would be better at responding, though, especially when things are timely.",,"Accountability ,Collaboration ,Communication ,Editing ,How to conduct an interview ,How to pitch a story,Inclusive Reporting,Leadership ,Networking ,Preparation and planning ,Professionalism ,Receptive to Feedback ,Reporting/News gathering ,Self-Assessment ,Social Media Etiquette ,Time Management ",,I think that one way this media outlet could work to improve my learning experience is through alumni speakers. I'd love to see how other editors in my section have managed over time.,"I believe my outlet can improve its coverage through quicker turn around for visuals. Waiting on a column for a visual can impact timeliness, and can lead to problems.",No,,"I think that we are doing a lot of what we can do. I think our social media presence is important and something we have been working on, and I think that being more timely on posts will help a lot and help avoid problems.",Yes
2021-12-05 17:06:31,2021-12-05 17:12:37,IP Address,161.130.189.198,100,365,True,2021-12-05 17:12:37,R_3KDVq5ycfva0E5z,,,,,38.93609619140625,-92.30560302734375,anonymous,EN,Maneater,One year,,Yes,,Yes,,"Building a community,Opportunities to gain leadership experience,Resume Builder ",,Yes (please explain),"All of the editors have been supportive and available to help when needed, and our editor in chief and managing editor are girl bosses",,Yes (please explain),"They are to some extent, some communications could be improved/smoothed out",,"Accountability ,Collaboration ,Communication ,Inclusive Reporting,Leadership ,Preparation and planning ,Professionalism ,Receptive to Feedback ,Resume Building ,Self-Assessment ,Time Management ",,I think if we could bring in professional journalists/strat comm people that would be great especially for networking and transitioning skills from the maneater to a professional news org,"diversify what we cover and get stories up quicker. Also, social media posts more often/sooner after stories are published to attract a wider audience.",No,,"More social media posts/pushes, tagging other orgs/big mizzou accounts",Yes
2021-12-05 18:52:23,2021-12-05 18:55:25,IP Address,161.130.189.238,100,182,True,2021-12-05 18:55:25,R_2PpXjGzHNea3w4e,,,,,38.93609619140625,-92.30560302734375,anonymous,EN,Maneater,Other (please specify),Only about a month,Yes,,Yes,,"Building a community,Skill Development,Opportunities to explore various journalism platforms ,Resume Builder ",,Yes (please explain),"The editors of my section are great at explaining new concepts to me and are very patient and understanding of writers situations. ",,Yes (please explain),Slack is very useful and an easy way to contact anyone I might need.,,"Accountability ,AP Style ,Communication ,How to pitch a story,Preparation and planning ,Receptive to Feedback ",,,,No,,,Yes
2021-12-05 20:37:59,2021-12-05 20:40:18,IP Address,67.6.141.18,100,138,True,2021-12-05 20:40:18,R_3GkcuPCWNEVB1Kk,,,,,38.93359375,-92.36299896240234375,anonymous,EN,Maneater,One semester,,Yes,,Yes,,"Opportunities to explore various journalism platforms ,Resume Builder ",,Yes (please explain),"I think they do a great job of explaining stuff to us and helping us out. ",,Yes (please explain),"I think they do a great job of communication just sucks when others don’t answer them. ",,"Accountability ,Communication ",,I think they do a great job as a whole,"I think we can do a better job with various ideas. ",No,,"Maybe make a cool video or something on social media, like highlights or something. ",Yes
2021-12-05 22:16:00,2021-12-05 22:18:19,IP Address,153.33.12.22,100,139,True,2021-12-05 22:18:19,R_TttlbWYTGYeEyfD,,,,,38.93609619140625,-92.30560302734375,anonymous,EN,KCOU,One year,,Yes,,Yes,,"Building a community,Skill Development,Opportunities to explore various journalism platforms ,Resume Builder ,DJ experience ",,Yes (please explain),,,Yes (please explain),,,"Accountability ,Adobe Creative Suite ,Audio Recording and Editing ,Editing ,How to conduct an interview ,FCC Policy,Live Radio production ,Networking ,Preparation and planning ,Professionalism ,Resume Building ,Social Media Etiquette ,Time Management ",,"Alumni speakers, communication","Offer advice to new and existing shows ",No,,"Collaborate and promote outreach events ",Yes
2021-12-06 11:15:25,2021-12-06 11:18:24,IP Address,161.130.189.235,100,178,True,2021-12-06 11:18:24,R_d0ZpVg6Ztbji2L7,,,,,38.93609619140625,-92.30560302734375,anonymous,EN,Maneater,One semester,,Yes,,Yes,,"Skill Development,Opportunities to explore various journalism platforms ",,Yes (please explain),"The leadership works together clearly and well. ",,Yes (please explain),I think it works well.,,"Accountability ,AP Style ,Breaking News ,Collaboration ,Communication ,How to pitch a story,Professionalism ,Reporting/News gathering ,Time Management ,Video Production,Video Recording and Editing ,Other (please specify) ",Photo,n/a,n/a,No,,n/a,Yes
2021-12-06 16:02:52,2021-12-06 16:33:51,IP Address,161.130.189.223,100,1859,True,2021-12-06 16:33:52,R_2uwccmmGEvFlDnX,,,,,38.93609619140625,-92.30560302734375,anonymous,EN,"KCOU,Maneater",One semester,,Yes,,Yes,,"Skill Development,Opportunities to explore various journalism platforms ,Opportunities to gain leadership experience,Resume Builder ,DJ experience ",,No (please explain),,"In terms of the Maneater, the editing process is very slow and all the editors are very microaggressive in their language towards certain writers. There's also heavy favoritism and it feels as though some writers are not listened to and their pitches are ""forgotten"". ",No (please explain),,"In terms of the Maneater, there is some structure and communication but it ultimately feels like if the editors don't like you or are friendly with you, you won't get far in the social ladder.  ","Accountability ,AP Style ,Breaking News ,Collaboration ,Communication ,Editing ,How to pitch a story,Leadership ",,"In terms of the Maneater, I believe that the editors should work on treating everyone equally and distancing themselves away from favoritism. I also think that the editing and publishing process should be faster and they need to remove editors that can't keep up with their work.","I think coverage can be improved if there's more diverse sources and more diversity in editors and chief positions within Mizzou Media in general. ",,,,Yes
2021-12-07 10:14:10,2021-12-07 10:19:06,IP Address,174.248.93.77,100,296,True,2021-12-07 10:19:06,R_1LHbBeurciZ1WIH,,,,,41.88250732421875,-87.71849822998046875,anonymous,EN,Maneater,One semester,,Yes,,Yes,,"Building a community,Skill Development,Opportunities to gain leadership experience,Resume Builder ",,Yes (please explain),"Yes, everyone is really friendly ",,Yes (please explain),Slack is really useful to reach out to anyone,,"Accountability ,Collaboration ,Communication ,Leadership ,Networking ,Professionalism ,Receptive to Feedback ,Resume Building ,Time Management ",,"More training on resources like the data, multimedia, and visuals sections",I think it can be improved if writers we more responsive to direct messages,No,,Table in the student center maybe,Yes
2021-12-07 11:09:55,2021-12-07 11:13:44,IP Address,161.130.189.192,100,228,True,2021-12-07 11:13:44,R_1BPA46kocZJvcHH,,,,,38.93609619140625,-92.30560302734375,anonymous,EN,Maneater,One year,,Yes,,Yes,,"Building a community,Skill Development",,Yes (please explain),,,Yes (please explain),,,"Accountability ,AP Style ,Communication ,Editing ,How to conduct an interview ,Networking ,Preparation and planning ,Professionalism ,Resume Building ",,More networking/workshops with alumni,idk but I wish reporters and photographers were tagged with our stories on social media.,No,,idk,Yes
2021-12-07 12:53:50,2021-12-07 12:56:08,IP Address,161.130.189.224,100,138,True,2021-12-07 12:56:08,R_3jZGOIHfs6yqucX,,,,,38.93609619140625,-92.30560302734375,anonymous,EN,KCOU,Two years,,No (please elaborate if you are comfortable doing so),,Yes,,"Building a community,Skill Development,Opportunities to explore various journalism platforms ,Opportunities to gain leadership experience,Resume Builder ",,Yes (please explain),I have grown a lot and taken leadership in terms of broadcasting games.,,Yes (please explain),"Yes, we always get information when needed.",,"Accountability ,Adobe Creative Suite ,Audio Recording and Editing ,Breaking News ,Collaboration ,Communication ,Editing ,How to conduct an interview ,FCC Policy,How to pitch a story,Inclusive Reporting,Leadership ,Live Radio production ,Networking ,Preparation and planning ,Professionalism ,Receptive to Feedback ,Reporting/News gathering ,Resume Building ,Self-Assessment ,Social Media Etiquette ,Time Management ",,More structured.,More availability for National games,No,,More tabling and promotion.,Yes
2021-12-07 20:12:30,2021-12-07 20:17:13,IP Address,66.86.42.242,100,282,True,2021-12-07 20:17:13,R_2BwZNjpgDcxHgyd,,,,,38.93359375,-92.36299896240234375,anonymous,EN,Maneater,One semester,,Yes,,Yes,,"Building a community,Opportunities to explore various journalism platforms ,Resume Builder ",,Yes (please explain),Yes! My editor/entire time does great!,,Yes (please explain),"We communicate through slack, always easy and fast!",,"Editing ,Preparation and planning ,Receptive to Feedback ,Resume Building ",,"Networking would be fun! Especially within the smaller sections like fun and games. ","By actually putting more than one item from Fun and Games on the print edition. Or at least printing the full version of the crossword for starters. ",No,,More advertising!,Yes
2021-12-08 11:05:53,2021-12-08 11:13:57,IP Address,161.130.189.204,100,483,True,2021-12-08 11:13:57,R_x9m5PXT2qwYMu9b,,,,,38.93609619140625,-92.30560302734375,anonymous,EN,Maneater,One semester,,Yes,,Yes,,"Building a community,Skill Development,Opportunities to explore various journalism platforms ,Opportunities to gain leadership experience,Resume Builder ",,Yes (please explain),I know that if I needed help with anything that I could talk to the leadership at The Maneater.,,Yes (please explain),I love Slack,,"Accountability ,AP Style ,Collaboration ,Communication ,Editing ,How to pitch a story,Inclusive Reporting,Leadership ,Professionalism ,Reporting/News gathering ,Social Media Etiquette ,Time Management ",,Alumni speakers and networking,work on quicker turnaround,No,,have more distribution bins in locations where more students go,Yes
2021-12-08 12:30:52,2021-12-08 12:34:23,IP Address,161.130.189.213,100,211,True,2021-12-08 12:34:24,R_2WHjYigvPi4Ob4N,,,,,38.93609619140625,-92.30560302734375,anonymous,EN,Maneater,One semester,,Yes,,Yes,,"Building a community,Skill Development,Opportunities to explore various journalism platforms ,Opportunities to gain leadership experience,Resume Builder ",,Yes (please explain),,,Yes (please explain),,,"Adobe Creative Suite ,AP Style ,Audio Recording and Editing ,Collaboration ,Communication ,Editing ,How to conduct an interview ,How to pitch a story,Leadership ,Live Radio production ,Preparation and planning ,Reporting/News gathering ,Video Production,Video Recording and Editing ",,"I think that the communication between sections needs to be improved. ","I think that we could be more proactive about what we choose to cover and more current in our social media presence. ",Yes (please explain),"I think that we could do a better job of promoting within the j-school. ","Putting up flyers for involvement and interaction in various places throughout campus. ",Yes
2021-12-09 09:59:18,2021-12-09 10:48:34,IP Address,161.130.189.201,100,2956,True,2021-12-09 10:48:35,R_C4tK89zT9l6EsA9,,,,,38.93609619140625,-92.30560302734375,anonymous,EN,Maneater,One year,,Yes,,Yes,,"Building a community,Skill Development,Opportunities to explore various journalism platforms ,Opportunities to gain leadership experience,Resume Builder ",,Yes (please explain),"Being in a leadership position, I try my best to make the work environment as smooth as possible. I think MSM has done a good job leading, I think they will really take off second semester.",,Yes (please explain),"I think we found the best methods possible for now, there is always room for improvement and that will happen as the year progresses!",,"Accountability ,AP Style ,Breaking News ,Collaboration ,Communication ,Editing ,Leadership ,Networking ,Preparation and planning ,Professionalism ,Reporting/News gathering ,Resume Building ,Self-Assessment ,Social Media Etiquette ,Time Management ",,"I think we need more collaboration between sections. Writers need to talk to visuals people, rather than having section editors go through execs and then pass the information on. I think direct communication would make things run a lot smoother.",,No,,"I think a lot of people would be more interested in seeing entertainment coverage. I know it's not in budget, but I think bringing MOVE back as a magazine would be a cool goal to strive for. Maybe we could have guest speakers that any student can go to , rather than only MSM students.",Yes
2021-12-10 10:41:17,2021-12-10 11:15:04,IP Address,65.123.143.230,100,2027,True,2021-12-10 11:15:04,R_2X1FZ0N96T70AsC,,,,,38.93609619140625,-92.30560302734375,anonymous,EN,Maneater,One year,,Yes,,Yes,,"Skill Development,Resume Builder ,Other (please specify) ","Being able to report on a team I love and care about again without the restrictions of a traditional newsroom. ",Yes (please explain),"Mason and Kyle have been much better at communicating and listening to us this year. I feel like I can go to them about anything and that they'll listen and be there for me in whatever capacity I need. ",,Yes (please explain),"Slack works great and then texting works the best when communicating about stories. ",,"Accountability ,AP Style ,Collaboration ,Communication ,Editing ,How to conduct an interview ,How to pitch a story,Preparation and planning ,Professionalism ,Receptive to Feedback ,Reporting/News gathering ,Social Media Etiquette ,Time Management ",,We could do better at having more creative meetings where theya ren't just gamer pitches but pitches diving deeper into our beats. I also think we'd benefit from monthly gatherings to get to know eachother better.,"I believe we could do better at finding stories on athletes who aren't just the big names but also those making an impact in the room even if they aren't on the field/court/mat/etc. all the time. They are usually the ones who make the biggest impacts among teams. ",No,,"I think we do a great job already, but we would do even better if we didn't force it onto people. We're a journalism school and people know that. I think taking the approach of here's some of the top stories from them month or are you interested in knowing more about what's happening on campus would go over better with people. I also think we think too highly of ourselves and that's usually a turn off to others so really showing the inclusivity and normalness of our group would make a better impact on campus.  ",Yes
2021-12-13 11:52:04,2021-12-13 11:54:50,IP Address,73.22.90.164,100,166,True,2021-12-13 11:54:50,R_sqcQShWCgGex4Ix,,,,,41.7212066650390625,-87.70369720458984375,anonymous,EN,MUTV,One semester,,Yes,,Yes,,"Building a community,Skill Development,Opportunities to explore various journalism platforms ,Resume Builder ",,Yes (please explain),,,Yes (please explain),,,"How to pitch a story,Networking ,Preparation and planning ,Professionalism ,Receptive to Feedback ,Time Management ",,MUTV could have more video production training,,No,,,Yes
2021-12-13 13:41:57,2021-12-13 13:45:47,IP Address,161.130.189.239,100,230,True,2021-12-13 13:45:47,R_1DVdE9V0CZlpvMu,,,,,38.93609619140625,-92.30560302734375,anonymous,EN,MUTV,One semester,,Yes,,Yes,,"Building a community,Skill Development,Opportunities to explore various journalism platforms ,Opportunities to gain leadership experience,Resume Builder ",,Yes (please explain),"Yes because it’s showing me what kinds of leadership will be necessary when I enter the professional world of journalism ",,Yes (please explain),"Yes because it keeps everyone up to date and informed on when and where assignments are happening ",,"Accountability ,Breaking News ,Collaboration ,Communication ,Leadership ,Networking ,Preparation and planning ,Professionalism ,Reporting/News gathering ,Resume Building ,Self-Assessment ,Social Media Etiquette ,Time Management ,Video Production,Video Recording and Editing ",,"Have a consistent schedule as to when different videos will drop ",Bring more sports into the fold,No,,Doing more recruiting in and around the J-School,Yes
2021-12-15 11:33:27,2021-12-15 11:35:33,IP Address,173.24.78.89,100,125,True,2021-12-15 11:35:33,R_z0CtqNqG4lecu4x,,,,,38.93359375,-92.36299896240234375,anonymous,EN,Maneater,Two years,,Yes,,Yes,,"Building a community,Skill Development,Opportunities to explore various journalism platforms ,Resume Builder ",,Yes (please explain),They are always available for questions and concerns,,Yes (please explain),They always respond in a timely manner,,"Accountability ,Communication ,Editing ,How to conduct an interview ,How to pitch a story,Professionalism ,Receptive to Feedback ,Social Media Etiquette ,Time Management ",,Alumni speakers,,No,,Hosting more events,Yes
2021-12-15 11:38:07,2021-12-15 11:45:20,IP Address,107.77.206.198,100,432,True,2021-12-15 11:45:20,R_2sbshSOTJybtXFS,,,,,41.87640380859375,-87.6132965087890625,anonymous,EN,Maneater,One semester,,Yes,,Yes,,"Building a community,Skill Development,Opportunities to explore various journalism platforms ,Opportunities to gain leadership experience,Resume Builder ",,Yes (please explain),The copy chiefs are supportive and helpful in answering my questions and giving opportunities for me to grow as a copy editor and journalist. They provide resources to help me learn and are always open for questions.,,No (please explain),,"I work at The Maneater, and I think the structure of the staff in regards to sections is effective, but I don’t think there is effective communication between them. I have noticed many, many stories that writers work hard and long on being stuck and not getting published because they need a graphic or photo or multimedia element. I think that is unfair to the writers and needs to be resolved immediately.","Accountability ,AP Style ,Collaboration ,Communication ,Editing ,How to pitch a story,Inclusive Reporting,Leadership ,Preparation and planning ,Professionalism ,Receptive to Feedback ,Self-Assessment ,Time Management ",,The Maneater can improve my learning experience by providing trainings for interviewing strangers.,"I think The Maneater can improve coverage by hiring more writers. When writers get bored, they can hire new ones to offer new perspective.",No,,"Not sure about other outlets, but The Maneater could use more promotion through paper distribution. I don’t know why there is only one distribution per month, but if it’s possible to have more, I think there should be. Also, I would like to see more locations on campus where extra paper are located like a the Missourian and Vox are.",Yes
2021-12-15 11:59:12,2021-12-15 12:06:21,IP Address,104.28.104.10,100,428,True,2021-12-15 12:06:22,R_5c3rUkjT5lsM8Jb,,,,,46.8795928955078125,-96.781402587890625,anonymous,EN,Maneater,One semester,,Yes,,Yes,,"Skill Development,Opportunities to gain leadership experience,Resume Builder ",,Yes (please explain),"Everyone on the photo staff has been super helpful this semester, though some of the other editors could definitely be a little bit better about sending pitches in plenty of time for photographers (don’t ask us to cover an event the day of the event)",,Yes (please explain),"Slack has been very useful, though I am still learning Airtable",,"Accountability ,AP Style ,Breaking News ,Communication ,Editing ,Leadership ,Preparation and planning ,Professionalism ,Reporting/News gathering ,Social Media Etiquette ,Time Management ",,"Having more talks by/meetings with/etc. real reporters/photojournalists/etc. would definitely be helpful with showing prospective reporters at the Maneater what it’s like to do their job professionally, and everything that entails","I think that by further diversifying the news staff, the Maneater can extend it’s reach, and thereby it’s coverage, into more areas",No,,,Yes
2021-12-15 13:02:31,2021-12-15 17:22:19,IP Address,161.130.189.225,100,15588,True,2021-12-15 17:22:20,R_3oNt2vU29nskPfw,,,,,38.93609619140625,-92.30560302734375,anonymous,EN,Maneater,One semester,,Yes,,Yes,,"Building a community,Skill Development,Opportunities to gain leadership experience,Resume Builder ",,Yes (please explain),"I think they're alright. I wish they would dedicate more space/time to my specific section (Fun and Games), of course, but I haven't really had any major problems.",,Yes (please explain),"Yes, Slack seems to work fine; and my ""boss"" Abby Stetina is awesome. Sometimes Slack notifications are kind of spotty though, at least on my end.",,"Communication ,Editing ,Preparation and planning ,Receptive to Feedback ",,"Nothing much; I'm a cartoonist so there wasn't much offered to me specifically, and next semester I don't know how that will change at all.","At least for my section, we should continue to try out new games and ideas whenever they strike, and take risks!",No,,"Just keep doing what you're doing: continue passing out papers, holding events, etc. I'm not sure what else one could do.",Yes
2021-12-16 11:45:37,2021-12-16 11:53:45,IP Address,184.97.233.171,100,488,True,2021-12-16 11:53:45,R_1F3tetq0GfcxuUh,,,,,39.0032958984375,-94.1410980224609375,anonymous,EN,Maneater,One semester,,Yes,,No (please explain),"i have no motivation to continue working on the maneater, it’s not worth it for me. ","Building a community,Opportunities to explore various journalism platforms ,Opportunities to gain leadership experience,Resume Builder ",,No (please explain),,"i feel like everyone is unorganized and never has any clue what is going on. ",Yes (please explain),slack is good enough. it gets the job done,,"AP Style ,Editing ,How to pitch a story,Inclusive Reporting,Preparation and planning ,Receptive to Feedback ",,"at the beginning of the semester we were all thrown to the wolves. maybe have a few optional maneater basic training just to cover the expectations for the journalistic process. i had no guidance and had to figure everything out on my own. ",by actually editing stories and posting them in a timely manner. can’t have any coverage if nobody’s stories are being put out.,No,,"have a better social media strategy. when i look through instagram i don’t want to look through the maneaters spam posts. having a consistent, regular posting schedule will make viewers happier than having to scroll through a spam of posts. ",No
2021-12-17 11:15:13,2021-12-17 11:18:03,IP Address,71.238.140.195,100,169,True,2021-12-17 11:18:03,R_1FJoTNjTcC9xdto,,,,,34.7346038818359375,-92.27300262451171875,anonymous,EN,Maneater,One year,,Yes,,Yes,,"Building a community,Opportunities to gain leadership experience,Resume Builder ",,Yes (please explain),,,Yes (please explain),,,"Adobe Creative Suite ,Communication ,How to conduct an interview ,Receptive to Feedback ,Resume Building ,Self-Assessment ,Time Management ",,"Mentorship and trainings ","More diverse reporters ",No,,"Bigger presence on social media/ make stories easily accessible on phones ",No
